date,phase,activity,role,person_hours,calendar_days,evidence,notes
2026-07-17,problem_definition,"Onboarding and initial literature review",ML Engineer,8,1,Internal Modelway Office timesheet,"Estimated from 09:15-18:15 attendance: 8 net hours assumed, excluding a one-hour break."
2026-07-20,problem_definition,Literature review and study of the state of the art in PINNs,ML Engineer,6,0.75,Internal Modelway Office timesheet,"Estimated from 09:00-18:00 attendance: 8 net hours assumed, excluding a one-hour break. Mixed daily entry allocated by activity."
2026-07-20,documentation,Documentation of the concepts extracted from the PINN literature,ML Engineer,2,0.25,Internal Modelway Office timesheet,"Estimated from 09:00-18:00 attendance: 8 net hours assumed, excluding a one-hour break. Mixed daily entry allocated by activity."
2026-07-21,problem_definition,Literature review and study of the state of the art in PINNs,ML Engineer,6,0.75,Internal Modelway Office timesheet,"Estimated from 09:00-18:00 attendance: 8 net hours assumed, excluding a one-hour break. Mixed daily entry allocated by activity."
2026-07-21,documentation,Documentation of the concepts extracted from the PINN literature,ML Engineer,2,0.25,Internal Modelway Office timesheet,"Estimated from 09:00-18:00 attendance: 8 net hours assumed, excluding a one-hour break. Mixed daily entry allocated by activity."
2026-07-22,problem_definition,Study of PINN variants and definition of the practical workflow,ML Engineer,6,0.75,Internal Modelway Office timesheet,"Estimated from 09:00-18:00 attendance: 8 net hours assumed, excluding a one-hour break. Mixed daily entry allocated by activity."
2026-07-22,documentation,Documentation of the practical workflow and PINN variants,ML Engineer,2,0.25,Internal Modelway Office timesheet,"Estimated from 09:00-18:00 attendance: 8 net hours assumed, excluding a one-hour break. Mixed daily entry allocated by activity."
2026-07-23,problem_definition,"Problem scoping, key literature, mathematical model, and discretization strategy",ML Engineer,8,1,Internal Modelway Office timesheet,"Estimated from 09:00-18:00 attendance: 8 net hours assumed, excluding a one-hour break."
2026-07-24,reference_model,Initial development of the single-particle model and experimental setup,ML Engineer,6,0.75,Internal Modelway Office timesheet,"Estimated from 09:00-18:00 attendance: 8 net hours assumed, excluding a one-hour break. Mixed daily entry allocated by activity."
2026-07-24,documentation,Documentation of the mathematical formulation and experimental strategy,ML Engineer,2,0.25,Internal Modelway Office timesheet,"Estimated from 09:00-18:00 attendance: 8 net hours assumed, excluding a one-hour break. Mixed daily entry allocated by activity."
2026-07-27,reference_model,Completion of the single-particle model implementation,ML Engineer,4,0.5,Internal Modelway Office timesheet,"Estimated from 09:00-18:00 attendance: 8 net hours assumed, excluding a one-hour break. Mixed daily entry allocated by activity."
2026-07-27,dataset_engineering,Dataset generation and diagnostic visualizations,ML Engineer,2,0.25,Internal Modelway Office timesheet,"Estimated from 09:00-18:00 attendance: 8 net hours assumed, excluding a one-hour break. Mixed daily entry allocated by activity."
2026-07-27,documentation,Update of the reference-model report,ML Engineer,2,0.25,Internal Modelway Office timesheet,"Estimated from 09:00-18:00 attendance: 8 net hours assumed, excluding a one-hour break. Mixed daily entry allocated by activity."
2026-07-28,documentation,Preparation and delivery of the project update presentation; report development,ML Engineer,8,1,Internal Modelway Office timesheet,"Estimated from 09:00-18:00 attendance: 8 net hours assumed, excluding a one-hour break."
2026-07-29,reference_model,Concentration-/temperature-dependent diffusivity and convective thermal model,ML Engineer,6,0.75,Internal Modelway Office timesheet,"Estimated from 09:00-18:00 attendance: 8 net hours assumed, excluding a one-hour break. Mixed daily entry allocated by activity."
2026-07-29,documentation,Documentation of the thermo-diffusive extensions,ML Engineer,2,0.25,Internal Modelway Office timesheet,"Estimated from 09:00-18:00 attendance: 8 net hours assumed, excluding a one-hour break. Mixed daily entry allocated by activity."
2026-07-30,surrogate_development,"PINN implementation, network architecture, training workflow, and demo",ML Engineer,6,0.75,Internal Modelway Office timesheet,"Estimated from 09:00-18:00 attendance: 8 net hours assumed, excluding a one-hour break. Mixed daily entry allocated by activity."
2026-07-30,dataset_engineering,Dataset management and generation for the PINN,ML Engineer,2,0.25,Internal Modelway Office timesheet,"Estimated from 09:00-18:00 attendance: 8 net hours assumed, excluding a one-hour break. Mixed daily entry allocated by activity."
2026-07-31,training,PINN training,ML Engineer,3,0.375,Internal Modelway Office timesheet,"Estimated from 09:00-18:00 attendance: 8 net hours assumed, excluding a one-hour break. Mixed daily entry allocated by activity."
2026-07-31,validation,"PINN validation, testing, and comparison with the FVM",ML Engineer,3,0.375,Internal Modelway Office timesheet,"Estimated from 09:00-18:00 attendance: 8 net hours assumed, excluding a one-hour break. Mixed daily entry allocated by activity."
2026-07-31,documentation,Reporting of PINN results and comparison with the FVM,ML Engineer,2,0.25,Internal Modelway Office timesheet,"Estimated from 09:00-18:00 attendance: 8 net hours assumed, excluding a one-hour break. Mixed daily entry allocated by activity."
2026-08-03,problem_definition,Literature review on hybrid modelling,ML Engineer,2,0.25,Internal Modelway Office timesheet,"Estimated from 09:00-18:00 attendance: 8 net hours assumed, excluding a one-hour break. Mixed daily entry allocated by activity."
2026-08-03,surrogate_development,Hybrid-model development,ML Engineer,4,0.5,Internal Modelway Office timesheet,"Estimated from 09:00-18:00 attendance: 8 net hours assumed, excluding a one-hour break. Mixed daily entry allocated by activity."
2026-08-03,dataset_engineering,Dataset generation for the hybrid model,ML Engineer,2,0.25,Internal Modelway Office timesheet,"Estimated from 09:00-18:00 attendance: 8 net hours assumed, excluding a one-hour break. Mixed daily entry allocated by activity."
2026-08-04,surrogate_development,Completion of the hybrid model and development of the thermal SINDYc model,ML Engineer,3,0.375,Internal Modelway Office timesheet,"Estimated from 09:00-18:00 attendance: 8 net hours assumed, excluding a one-hour break. Mixed daily entry allocated by activity."
2026-08-04,validation,Convergence testing under parameter perturbations,ML Engineer,3,0.375,Internal Modelway Office timesheet,"Estimated from 09:00-18:00 attendance: 8 net hours assumed, excluding a one-hour break. Mixed daily entry allocated by activity."
2026-08-04,documentation,Reporting on the hybrid model and thermal component,ML Engineer,2,0.25,Internal Modelway Office timesheet,"Estimated from 09:00-18:00 attendance: 8 net hours assumed, excluding a one-hour break. Mixed daily entry allocated by activity."
2026-08-05,documentation,Reporting on the Hybrid Model and PINN; preparation of the presentation,ML Engineer,8,1,Internal Modelway Office timesheet,"Estimated from 09:00-18:00 attendance: 8 net hours assumed, excluding a one-hour break."
2026-08-06,surrogate_development,Residual-PINN development,ML Engineer,8,1,Internal Modelway Office timesheet,"Estimated from 09:00-18:00 attendance: 8 net hours assumed, excluding a one-hour break."
2026-08-07,surrogate_development,Development of the FFN for temperature-map prediction,ML Engineer,5,0.625,Internal Modelway Office timesheet,"Estimated from 09:00-18:00 attendance: 8 net hours assumed, excluding a one-hour break. Mixed daily entry allocated by activity."
2026-08-07,validation,Comparison between the thermal FFN and SINDYc,ML Engineer,2,0.25,Internal Modelway Office timesheet,"Estimated from 09:00-18:00 attendance: 8 net hours assumed, excluding a one-hour break. Mixed daily entry allocated by activity."
2026-08-07,documentation,Reporting of the thermal FFN-SINDYc comparison,ML Engineer,1,0.125,Internal Modelway Office timesheet,"Estimated from 09:00-18:00 attendance: 8 net hours assumed, excluding a one-hour break. Mixed daily entry allocated by activity."
2026-08-31,validation,Study and implementation of a calculation strategy based on a known formula,ML Engineer,8,1,Internal Modelway Office timesheet,"Estimated from 09:00-18:00 attendance: 8 net hours assumed, excluding a one-hour break."
2026-09-01,validation,Implementation and verification of the calculation strategy based on a known formula,ML Engineer,6,0.75,Internal Modelway Office timesheet,"Estimated from 09:00-18:00 attendance: 8 net hours assumed, excluding a one-hour break. Mixed daily entry allocated by activity."
2026-09-01,documentation,Reporting of the calculation strategy,ML Engineer,2,0.25,Internal Modelway Office timesheet,"Estimated from 09:00-18:00 attendance: 8 net hours assumed, excluding a one-hour break. Mixed daily entry allocated by activity."
2026-09-02,validation,Generalization of the testing phase,ML Engineer,6,0.75,Internal Modelway Office timesheet,"Estimated from 09:00-18:00 attendance: 8 net hours assumed, excluding a one-hour break. Mixed daily entry allocated by activity."
2026-09-02,documentation,Documentation of the generalized testing phase,ML Engineer,2,0.25,Internal Modelway Office timesheet,"Estimated from 09:00-18:00 attendance: 8 net hours assumed, excluding a one-hour break. Mixed daily entry allocated by activity."
