method,quantity,relative_l2,rmse,mae,maximum_absolute_error,maximum_mass_balance_residual
Simplified,field,0.011016276840149376,0.00820822609598016,0.005585529910873643,0.021888216966709284,4.5522106065232215e-05
Simplified,centre,0.01669466461430086,0.012211434225956897,0.009360357439684554,0.021888216966709284,4.5522106065232215e-05
Simplified,surface,0.010792144973453188,0.008327150083629234,0.006371242842838021,0.015135586454140815,4.5522106065232215e-05
Simplified,average,1.2565358968135492e-06,9.49436019038357e-07,8.110798067954542e-07,1.6437081885589677e-06,4.5522106065232215e-05
PINN,field,0.050673782948078734,0.0377570274977598,0.027721231650257402,0.1606060411174255,0.11783359804482252
PINN,centre,0.0454580218465787,0.03325060171296254,0.026262535895731774,0.07318374467426292,0.11783359804482252
PINN,surface,0.06860917517673205,0.05293840105150578,0.03408800862911871,0.1606060411174255,0.11783359804482252
PINN,average,0.05379144535075139,0.04064470888706729,0.028642439585136566,0.12448367714552322,0.11783359804482252
Hybrid,field,0.00042023679527343315,0.00031311836834773066,0.00016676362352912235,0.002147603109997398,4.552882643404921e-05
Hybrid,centre,0.0007652770624548277,0.000559767490315168,0.00033695400753781574,0.002133746379314405,4.552882643404921e-05
Hybrid,surface,0.00028358026571624183,0.00021880872052620472,0.00012105056640945897,0.0018206797104917127,4.552882643404921e-05
Hybrid,average,1.2564379061956083e-06,9.493619775227612e-07,8.110274462969854e-07,1.6430543857692825e-06,4.552882643404921e-05
